id;title;content;date
1;Saint Helena Pound mesh;EXE Tasty Rubber Chips;2020-07-28T01:34:17
2;world-class Steel;Granite 1080p;2020-07-28T00:58:34
3;24/7 transform;Greece overriding;2020-07-27T16:15:49
4;mission-critical payment;Multi-layered revolutionize;2020-07-27T13:42:35
5;repurpose Optimized Fully-configurable;Designer bypassing;2020-07-27T15:13:58
6;Licensed solution-oriented;explicit;2020-07-27T17:28:54
7;Up-sized enterprise;PCI Communications;2020-07-27T20:08:26
8;Chair;connect Developer plum;2020-07-27T10:45:11
9;help-desk Sleek;Netherlands;2020-07-28T06:10:46
10;Digitized;Montserrat navigate Soft;2020-07-27T20:29:36
