id;profile_name;avatar;avatar_content_type;post_count
1;RSS;../fake-data/blob/hipster.png;image/png;13820
2;Investment Account;../fake-data/blob/hipster.png;image/png;2487
3;Honduras Land Shoes;../fake-data/blob/hipster.png;image/png;86007
4;indexing;../fake-data/blob/hipster.png;image/png;16859
5;intuitive morph;../fake-data/blob/hipster.png;image/png;69719
6;Leone Facilitator;../fake-data/blob/hipster.png;image/png;29294
7;Kip yellow Gloves;../fake-data/blob/hipster.png;image/png;70779
8;generating Faroe Islands Tonga;../fake-data/blob/hipster.png;image/png;60136
9;Handmade Metal Cheese PNG;../fake-data/blob/hipster.png;image/png;76908
10;Land AI;../fake-data/blob/hipster.png;image/png;84948
